{
    "loss": 3.393864870071411,
    "accuracy": 0.7147436141967773
}